Function,Instance,Dimensions,NP,CR,F,MuSt,CRSt,Local Iterations,Workers,Evaluations,Migrations,Global Time,Chromosome,Target,Score,Stop Reason
1,1,4,20,0.5,0.2,differenceVector,binomial,40,4,4820,6,9.876039858001604,(0.252799545474;-1.15676696194;-0.724003361163;1.9263724647),79.48000001,79.4800000019,1
1,2,4,20,0.5,0.2,differenceVector,binomial,40,4,4020,5,6.707060354998248,(-3.89844475992;-2.89035857487;-3.80239892244;3.90559703767),394.48000001,394.480000004,1
2,1,4,20,0.5,0.2,differenceVector,binomial,40,4,4820,6,9.023855253002694,(1.20720330755;0.448001157488;3.55439991358;2.38640006129),-209.87999999,-209.879999996,1
2,2,4,20,0.5,0.2,differenceVector,binomial,40,4,5620,7,10.381118723998952,(0.725597115267;2.62160000199;0.0904000013284;-1.8263999909),-92.08999999000001,-92.0899999999,1
