Function,Instance,Dimensions,NP,CR,F,MuSt,CRSt,Local Iterations,Workers,Evaluations,Migrations,Global Time,Chromosome,Target,Score,Stop Reason,Restarts
6,1,15,80,0.5,0.6,best2,binomial,150,4,372080,31,21.32596282200393,(2.78158990135;1.11352660515;2.58722227236;3.42795741387;-1.42646836269;-3.0959729315;-2.54806562037;-2.11752256012;-3.16324475661;-2.90472770941;-1.50716959095;1.36157325109;-0.344041770119;-0.40553809029;1.74249623403),35.90000001,35.9000005556,1,0
6,2,15,80,0.5,0.6,best2,binomial,150,4,408080,34,22.733295890997397,(-0.271988310548;1.89678007062;-3.88409667698;3.7232148685;-1.92093887364;0.271229285895;-3.46646450905;1.98482308256;0.351220427974;-0.127194629337;-0.681736889303;2.7966720206;-1.65848966314;3.02794999786;-0.448769235961),31.370000010000002,31.3700009497,1,0
6,3,15,80,0.5,0.6,best2,binomial,150,4,408080,34,22.593296867999015,(-0.186459829005;-3.33044895024;2.82402235477;3.56877138194;-0.840026358542;-0.061632109352;-0.769602000271;-3.89919999419;-1.18322469131;1.19040300453;1.34486008149;2.15999767675;-2.52798129544;2.98406208424;-2.43926297082),-999.99999999,-999.999999583,1,0
