Function,Instance,Dimensions,NP,CR,F,MuSt,CRSt,Local Iterations,Workers,Evaluations,Migrations,Global Time,Chromosome,Target,Score,Stop Reason,Restarts
6,1,15,80,0.5,0.6,rand1,binomial,150,4,144080,12,8.053474790998735,(2.7815931216;1.11359696737;2.58720903846;3.42796440583;-1.42641458785;-3.09601047593;-2.54804899919;-2.117545063;-3.16323853577;-2.90475724478;-1.5071566886;1.36158953238;-0.343990566584;-0.405584996967;1.74244928239),35.90000001,35.9000001862,1,0
6,2,15,80,0.5,0.6,rand1,binomial,150,4,156080,13,7.949024879999342,(-0.272029832476;1.89679973514;-3.8840324569;3.72324242609;-1.92081893148;0.271273120442;-3.46639239029;1.98479572409;0.351209107393;-0.127214686614;-0.681677730709;2.79672422167;-1.65849132582;3.02811087357;-0.448828139542),31.370000010000002,31.370000594,1,0
6,3,15,80,0.5,0.6,rand1,binomial,150,4,156080,13,7.63624536000134,(-0.186410220472;-3.33048420241;2.82411330968;3.56878422033;-0.839968990068;-0.0616842744162;-0.769610762694;-3.89919834236;-1.18323311445;1.19044087184;1.34487786409;2.16007555242;-2.52799419721;2.98401662013;-2.43932354131),-999.99999999,-999.999999169,1,0
