Function,Instance,Dimensions,NP,CR,F,MuSt,CRSt,Local Iterations,Workers,Evaluations,Migrations,Global Time,Chromosome,Target,Score,Stop Reason,Restarts
6,1,15,80,0.5,0.6,target_best,binomial,150,4,72080,6,6.085741397000675,(2.78162162609;1.11360286714;2.58720568427;3.42796552736;-1.42639660304;-3.09601075997;-2.54804866506;-2.11749738718;-3.16324741916;-2.90473187043;-1.50717855413;1.36157664556;-0.344005273604;-0.405531161696;1.74244159447),35.90000001,35.9000002237,1,0
6,2,15,80,0.5,0.6,target_best,binomial,150,4,60080,5,5.279231155996968,(-0.272038419663;1.89676883841;-3.88401890416;3.72323803307;-1.92083484551;0.271126569908;-3.46632903431;1.98482085213;0.351205125694;-0.127219529666;-0.681638653107;2.79675332092;-1.65847321202;3.02803084336;-0.448775695291),31.370000010000002,31.3700003614,1,0
6,3,15,80,0.5,0.6,target_best,binomial,150,4,72080,6,6.189343338999606,(-0.186391811875;-3.33045073108;2.82406211363;3.56882376432;-0.83998420652;-0.0616356110226;-0.769595824212;-3.89919706709;-1.18320983587;1.19037738031;1.34483046301;2.16002248191;-2.52802153364;2.98400892597;-2.43921704485),-999.99999999,-999.999999885,1,0
