Function,Instance,Dimensions,NP,CR,F,MuSt,CRSt,Local Iterations,Workers,Evaluations,Migrations,Global Time,Chromosome,Target,Score,Stop Reason,Restarts
6,1,15,80,0.5,0.6,best1,binomial,150,4,108080,9,5.794892859004904,(2.78159850438;1.11358732907;2.58720098128;3.42796029256;-1.4263894354;-3.0959882984;-2.5480468432;-2.11755403304;-3.16322671894;-2.9047641137;-1.50715726744;1.36156854864;-0.344003990807;-0.405542711035;1.74243101962),35.90000001,35.9000001518,1,0
6,2,15,80,0.5,0.6,best1,binomial,150,4,84080,7,4.501520420999441,(-0.272031276764;1.89681391697;-3.88402617859;3.72323017371;-1.92083070546;0.271200733659;-3.46637819314;1.98480252614;0.351216407637;-0.127210717612;-0.681682796431;2.79673821788;-1.65845879363;3.02802087517;-0.448810215066),31.370000010000002,31.3700002261,1,0
6,3,15,80,0.5,0.6,best1,binomial,150,4,84080,7,5.0325472070035175,(-0.186442548781;-3.33052674793;2.82406912525;3.56887834575;-0.839969420722;-0.0617477903175;-0.769576916453;-3.89915032427;-1.1831599893;1.19041192591;1.34480582264;2.15996980353;-2.52805346242;2.98404811152;-2.43934088046),-999.99999999,-999.999999058,1,0
