Function,Instance,Dimensions,NP,CR,F,MuSt,CRSt,Local Iterations,Workers,Evaluations,Migrations,Global Time,Chromosome,Target,Score,Stop Reason,Restarts
6,1,15,80,0.5,0.6,rand2,binomial,150,4,504080,42,30.634944643999916,(2.7815697859;1.11363532578;2.58718093909;3.42793044304;-1.42650568698;-3.09602958999;-2.54814823896;-2.11745627383;-3.16326598074;-2.90470116327;-1.50714435548;1.36160641225;-0.344004885759;-0.405510115536;1.74241275038),35.90000001,35.9000009633,1,0
6,2,15,80,0.5,0.6,rand2,binomial,150,4,612080,51,35.33946511799877,(-0.271958786604;1.89673848118;-3.88405657152;3.72325928462;-1.92087236006;0.271190042617;-3.46639014173;1.98485692531;0.351230917192;-0.127225385621;-0.681681407535;2.79673746101;-1.65849813388;3.02798641923;-0.448803795354),31.370000010000002,31.3700007742,1,0
6,3,15,80,0.5,0.6,rand2,binomial,150,4,648080,54,37.331747310003266,(-0.186363284586;-3.33048972824;2.82409475063;3.56881485161;-0.839902555626;-0.0616280979302;-0.769614743778;-3.89920059057;-1.18327321472;1.19041055864;1.3448842105;2.15995785057;-2.52799858074;2.98405534875;-2.43931540002),-999.99999999,-999.999999208,1,0
